experiment,trial,top1,top5,batch_size,augmentation_level,freeze_backbone,fine_tune_from_layer,fc_hidden_size,dropout_rate,lr_multiplier_backbone,optimizer,lr,weight_decay,scheduler,step_size,gamma,factor,patience,momentum,warmup_epochs,eta_min,pct_start,div_factor
resnet152,0,0.8072607517242432,,64,minimal,False,layer3,135,0.4879639408647978,0.4115716865497775,adam,0.0004059611610484307,0.00011207606211860574,step,15.0,0.5,,,,,,,
resnet152,1,0.8380197882652283,,64,aggressive,False,none,297,0.14881529393791154,0.0689266113392399,adamw,0.0010568529720322872,0.004201672054372531,reduce_on_plateau,,,0.1,2.0,,,,,
resnet152,3,0.7864026427268982,,64,minimal,False,layer3,135,0.4879639408647978,0.4115716865497775,adam,0.0004059611610484307,0.00011207606211860574,step,15.0,0.5,,,,,,,
resnet152,4,0.8338614106178284,,64,aggressive,False,none,297,0.14881529393791154,0.0689266113392399,adamw,0.0010568529720322872,0.004201672054372531,reduce_on_plateau,,,0.1,2.0,,,,,
resnet152,6,0.7872607111930847,,64,minimal,False,layer3,135,0.4879639408647978,0.4115716865497775,adam,0.0004059611610484307,0.00011207606211860574,step,15.0,0.5,,,,,,,
resnet152,7,0.8348515033721924,,64,aggressive,False,none,297,0.14881529393791154,0.0689266113392399,adamw,0.0010568529720322872,0.004201672054372531,reduce_on_plateau,,,0.1,2.0,,,,,
resnet152,8,0.7693069577217102,,128,moderate,False,none,156,0.4947547746402069,0.29917712366085103,sgd,0.025924756604751596,0.000348771262454593,reduce_on_plateau,,,0.1,3.0,0.9385113619277876,,,,
resnet152,9,0.6528052687644958,,32,randaugment,False,layer4,137,0.1431565707973218,0.005905946429591528,adam,0.006533305220227739,3.151987295193886e-05,warmup_cosine,,,,,,5.0,1.8484491720988594e-06,,
resnet152,10,0.7933993339538574,,32,randaugment,False,layer3,292,0.42720590636899725,0.47811998212329687,adamw,0.0001390546848963277,0.0017367237151593164,warmup_cosine,,,,,,5.0,3.1883397351001856e-07,,
resnet152,11,0.5009241104125977,,32,moderate,False,layer4,183,0.2957811041110252,0.926789840692838,sgd,0.00298727419956384,5.439591236568524e-05,one_cycle,,,,,0.9383611062362534,,,0.1,25.0
resnet152,12,0.606204628944397,,128,aggressive,False,none,486,0.24907353484081193,0.024579818846854087,adamw,6.985726403811528e-05,0.07832921114568382,cosine,,,,,,,9.384607974855033e-06,,
resnet152,13,0.8344554305076599,,64,aggressive,False,none,388,0.21438541544011985,0.07342199603797334,adamw,0.001162936027301688,0.010872222491939438,reduce_on_plateau,,,0.1,2.0,,,,,
resnet152,16,0.8173597455024719,,64,aggressive,False,none,242,0.10466575695493044,0.07919372866709093,adamw,0.0010542508215357156,0.007821782789200876,reduce_on_plateau,,,0.2,5.0,,,,,
resnet152,17,0.7982178330421448,,64,aggressive,False,none,366,0.22176408304019501,0.024741041350730682,adamw,0.0017748749068992513,0.004124550122399684,reduce_on_plateau,,,0.5,2.0,,,,,
resnet152,18,0.7649505138397217,,128,aggressive,False,none,234,0.3604063212686378,0.13618028033774227,adamw,0.00018153148270431016,0.018766870441105806,one_cycle,,,,,,,,0.2,10.0
resnet152,19,0.8150495290756226,,64,aggressive,False,none,365,0.17694395143535838,0.029341840503106637,adamw,0.002297891073293199,0.0031841969618388193,cosine,,,,,,,1.1877733277643506e-07,,
resnet152,20,0.38409242033958435,,64,aggressive,False,layer4,451,0.28640220089519003,0.01058667525350979,sgd,0.00728493754543706,0.00035067541002277355,reduce_on_plateau,,,0.1,2.0,0.8030245087870024,,,,
resnet152,21,0.8467326760292053,,64,randaugment,False,none,244,0.10204346155156183,0.15150337510210843,adamw,0.0006986738487266539,0.020045535620753487,reduce_on_plateau,,,0.1,2.0,,,,,
resnet152,22,0.8146534562110901,,32,randaugment,False,none,228,0.1024399023510499,0.16163914546915803,adamw,0.0006430335442517136,0.03360560103395905,reduce_on_plateau,,,0.5,5.0,,,,,
resnet152,23,0.6790099143981934,,128,randaugment,False,layer4,336,0.35710618179436454,0.16466228517575252,sgd,0.08151024204753961,0.0003782311455973683,cosine,,,,,0.8279796583366913,,2.1435634517630045e-06,,
resnet152,24,0.6471947431564331,,64,randaugment,False,none,203,0.1894865254915763,0.04154070786912634,adamw,0.0001886213231147325,0.03243451144190031,warmup_cosine,,,,,,10.0,9.263087836307986e-06,,
resnet152,25,0.8418481945991516,,64,moderate,False,none,273,0.14100790159813592,0.1146045891180946,adamw,0.0006970209668729644,0.007431117536723382,reduce_on_plateau,,,0.1,2.0,,,,,
resnet152,27,0.8342574238777161,,64,moderate,False,none,245,0.12892666739962935,0.12010346774388661,adamw,0.0006250926726020154,0.008438116317678135,reduce_on_plateau,,,0.1,2.0,,,,,
resnet152,29,0.80970299243927,,64,moderate,False,none,286,0.17565346262194992,0.24326598512749562,adamw,0.0006250926726020154,0.013838713864867104,reduce_on_plateau,,,0.1,2.0,,,,,
resnet152,30,0.7918812036514282,,64,moderate,False,none,266,0.24859290136732765,0.048196803434182256,adamw,0.0002939540156142777,0.023392014507357627,reduce_on_plateau,,,0.2,3.0,,,,,
densenet161,0,0.7951815128326416,,64,minimal,False,denseblock3,135,0.4879639408647978,0.4115716865497775,adam,0.0004059611610484307,0.00011207606211860574,step,15.0,0.5,,,,,,,
densenet161,1,0.8299009799957275,,64,aggressive,False,none,297,0.14881529393791154,0.0689266113392399,adamw,0.0010568529720322872,0.004201672054372531,reduce_on_plateau,,,0.1,2.0,,,,,
densenet161,2,0.8011881113052368,,128,moderate,False,none,156,0.4947547746402069,0.29917712366085103,sgd,0.025924756604751596,0.000348771262454593,reduce_on_plateau,,,0.1,3.0,0.9385113619277876,,,,
densenet161,3,0.7621122002601624,,32,randaugment,False,denseblock4,137,0.1431565707973218,0.005905946429591528,adam,0.006533305220227739,3.151987295193886e-05,warmup_cosine,,,,,,5.0,1.8484491720988594e-06,,
densenet161,4,0.823300302028656,,32,randaugment,False,denseblock3,292,0.42720590636899725,0.47811998212329687,adamw,0.0001390546848963277,0.0017367237151593164,warmup_cosine,,,,,,5.0,3.1883397351001856e-07,,
densenet161,5,0.583366334438324,,32,moderate,False,denseblock4,183,0.2957811041110252,0.926789840692838,sgd,0.00298727419956384,5.439591236568524e-05,one_cycle,,,,,0.9383611062362534,,,0.1,25.0
densenet161,6,0.6617161631584167,,128,randaugment,False,denseblock4,484,0.45093574135239245,0.019611076185240744,adamw,0.0005731537801106999,0.0030458224385894067,step,15.0,0.1,,,,,,,
densenet161,7,0.82481849193573,,128,randaugment,False,none,394,0.3607845038010402,0.016406668852656958,adam,0.0031115931750282638,0.00019918920492197507,cosine,,,,,,,3.3916008494386095e-07,,
densenet161,8,0.6424422264099121,,64,minimal,False,denseblock3,406,0.21230894497634234,0.005687504751255328,sgd,0.08088298191148205,5.4994264803456034e-05,reduce_on_plateau,,,0.1,2.0,0.9738242341418852,,,,
densenet161,9,0.7145874500274658,,64,randaugment,False,none,413,0.37880629639810726,0.20673164150667198,sgd,0.04170871302599373,0.0006706271090367463,step,10.0,0.5,,,0.9647437405302197,,,,
densenet161,10,0.815841555595398,,64,aggressive,False,none,261,0.10594871528771761,0.07259148983360236,adamw,0.0005620000511958316,0.03691979171780843,reduce_on_plateau,,,0.5,2.0,,,,,
densenet161,12,0.7568976879119873,,128,aggressive,False,none,356,0.31447543547910384,0.030918579860969398,adam,0.001887745790142909,1.5629229179122378e-05,cosine,,,,,,,1.1401357990728682e-07,,
densenet161,13,0.7584158182144165,,128,aggressive,False,none,235,0.2390685067924319,0.08262906880792462,adam,0.0014242056919048845,0.00017217578171367705,cosine,,,,,,,9.356384582496505e-06,,
densenet161,14,0.7421122193336487,,128,aggressive,False,none,352,0.3508150217263567,0.0210258951442756,adamw,0.0010800931836306793,0.013450549446761013,cosine,,,,,,,7.028279335278071e-07,,
densenet161,15,0.40118810534477234,,64,randaugment,False,none,496,0.22137852035542321,0.03867548608898807,adam,0.0035927186383067837,1.181613315175495e-05,one_cycle,,,,,,,,0.3,10.0
densenet161,16,0.5818482041358948,,64,aggressive,False,none,422,0.1693724923519421,0.011776486695596769,adamw,5.370203809578864e-05,0.0900602049993969,cosine,,,,,,,1.0608654519448874e-07,,
densenet161,19,0.6055445671081543,,128,minimal,False,none,323,0.27035197021713964,0.14051500996369046,adam,0.0040312189202095575,0.00024178970391001178,reduce_on_plateau,,,0.2,5.0,,,,,
densenet161,20,0.7043564319610596,,64,moderate,False,none,220,0.3759561693398768,0.01143357214260418,adamw,0.00029796030658228836,0.006459957358234033,cosine,,,,,,,1.6525238146992823e-06,,
densenet161,21,0.7235643267631531,,128,randaugment,False,denseblock4,381,0.1763370013250591,0.03780927837759566,adam,0.0019631722882211904,0.0003782353874721567,reduce_on_plateau,,,0.1,2.0,,,,,
densenet161,22,0.74244225025177,,32,aggressive,False,denseblock3,456,0.32553059370889303,0.1416165495188204,adamw,0.0009665928657709278,0.014993473167978322,warmup_cosine,,,,,,10.0,6.260849251258157e-07,,
densenet161,23,0.7033003568649292,,128,aggressive,False,none,304,0.41335786549045794,0.05551304146307996,adamw,0.00021812987552234924,0.00439498311430612,one_cycle,,,,,,,,0.2,50.0
densenet161,24,0.7569636702537537,,32,randaugment,False,denseblock3,281,0.4270739050541348,0.9271835000085894,adamw,0.00012575127236188298,0.002280167046686962,warmup_cosine,,,,,,5.0,3.1791370266886174e-07,,
densenet161,26,0.8246864676475525,,32,randaugment,False,denseblock3,316,0.4011455370678302,0.503595387874908,adamw,0.00011290380075440274,0.0023239303666143405,warmup_cosine,,,,,,3.0,2.8653939636992724e-07,,
densenet161,27,0.6619141697883606,,32,randaugment,False,denseblock3,338,0.37633917313027926,0.11493486725109887,adamw,5.2849364395961744e-05,0.007689844606409902,warmup_cosine,,,,,,3.0,2.287966468633906e-07,,
densenet161,28,0.632013201713562,,32,randaugment,False,denseblock3,377,0.2857155705735328,0.01361886305503129,adamw,9.837148805255137e-05,0.025640356403357312,warmup_cosine,,,,,,3.0,2.1672417978441817e-07,,
efficientnet_v2_s,0,0.8051485419273376,,64,minimal,False,features.5,135,0.4879639408647978,0.4115716865497775,adam,0.0004059611610484307,0.00011207606211860574,step,15.0,0.5,,,,,,,
efficientnet_v2_s,1,0.8525412678718567,,64,aggressive,False,none,297,0.14881529393791154,0.0689266113392399,adamw,0.0010568529720322872,0.004201672054372531,reduce_on_plateau,,,0.1,2.0,,,,,
efficientnet_v2_s,2,0.845148503780365,,128,moderate,False,none,156,0.4947547746402069,0.29917712366085103,sgd,0.025924756604751596,0.000348771262454593,reduce_on_plateau,,,0.1,3.0,0.9385113619277876,,,,
efficientnet_v2_s,3,0.8209900856018066,,32,randaugment,False,features.6,137,0.1431565707973218,0.005905946429591528,adam,0.006533305220227739,3.151987295193886e-05,warmup_cosine,,,,,,5.0,1.8484491720988594e-06,,
efficientnet_v2_s,4,0.8473267555236816,,32,randaugment,False,features.5,292,0.42720590636899725,0.47811998212329687,adamw,0.0001390546848963277,0.0017367237151593164,warmup_cosine,,,,,,5.0,3.1883397351001856e-07,,
efficientnet_v2_s,5,0.5504290461540222,,32,moderate,False,features.6,183,0.2957811041110252,0.926789840692838,sgd,0.00298727419956384,5.439591236568524e-05,one_cycle,,,,,0.9383611062362534,,,0.1,25.0
efficientnet_v2_s,6,0.6988118886947632,,128,randaugment,False,features.6,484,0.45093574135239245,0.019611076185240744,adamw,0.0005731537801106999,0.0030458224385894067,step,15.0,0.1,,,,,,,
efficientnet_v2_s,8,0.7962376475334167,,64,minimal,False,features.5,135,0.4879639408647978,0.4115716865497775,adam,0.0004059611610484307,0.00011207606211860574,step,15.0,0.5,,,,,,,
efficientnet_v2_s,9,0.851881206035614,,64,aggressive,False,none,297,0.14881529393791154,0.0689266113392399,adamw,0.0010568529720322872,0.004201672054372531,reduce_on_plateau,,,0.1,2.0,,,,,
efficientnet_v2_s,10,0.783366322517395,,128,moderate,False,none,156,0.4947547746402069,0.29917712366085103,sgd,0.025924756604751596,0.000348771262454593,reduce_on_plateau,,,0.1,3.0,0.9385113619277876,,,,
efficientnet_v2_s,11,0.678415834903717,,64,aggressive,False,none,386,0.23264700577903058,0.07259148983360236,adamw,6.985726403811528e-05,0.06294532478500534,cosine,,,,,,,9.384607974855033e-06,,
efficientnet_v2_s,12,0.8354455232620239,,64,aggressive,False,none,280,0.10818572891898984,0.07046835618240985,adamw,0.001162936027301688,0.009605566343933083,reduce_on_plateau,,,0.1,2.0,,,,,
efficientnet_v2_s,13,0.8431023359298706,,64,aggressive,False,none,349,0.19085560466035145,0.07624517665931521,adamw,0.0010511419979597992,0.0072692696376142904,reduce_on_plateau,,,0.5,2.0,,,,,
efficientnet_v2_s,14,0.839669942855835,,64,aggressive,False,none,240,0.23473195591832197,0.029395941171574413,adamw,0.001392861186007186,0.02389525370602789,reduce_on_plateau,,,0.2,2.0,,,,,
efficientnet_v2_s,15,0.790099024772644,,64,aggressive,False,none,411,0.3476565870970957,0.13037375017623157,adamw,0.00021812987552234924,0.005084254697982145,cosine,,,,,,,1.0399723603760972e-07,,
efficientnet_v2_s,16,0.5676567554473877,,64,aggressive,False,none,236,0.16808893601332237,0.021576366575301834,adamw,0.0023179763444665263,0.016921960565350922,one_cycle,,,,,,,,0.3,50.0
efficientnet_v2_s,17,0.7919471859931946,,64,aggressive,False,none,315,0.23375014166441832,0.034675690602715165,adamw,0.0006615893899123587,0.00376603319952342,reduce_on_plateau,,,0.1,5.0,,,,,
efficientnet_v2_s,18,0.8376897573471069,,64,aggressive,False,none,244,0.10248735296142555,0.14278135997719335,adamw,0.00026828935110720847,0.017907500957445824,reduce_on_plateau,,,0.1,2.0,,,,,
efficientnet_v2_s,19,0.760066032409668,,32,minimal,False,features.5,370,0.2936848439103915,0.009106154890413252,adam,0.002862157610256405,0.00043750093983020445,reduce_on_plateau,,,0.5,2.0,,,,,
efficientnet_v2_s,20,0.6781517863273621,,128,aggressive,False,features.6,455,0.36175309893625573,0.13151124484428162,sgd,0.07989932613446935,1.73016351655874e-05,cosine,,,,,0.8104343348906051,,2.1871163290483783e-06,,
efficientnet_v2_s,21,0.6877227425575256,,64,aggressive,False,none,207,0.19529454878174138,0.04497364342119012,adamw,0.0007708273880839858,0.002476945401466371,one_cycle,,,,,,,,0.2,10.0
efficientnet_v2_s,22,0.7899010181427002,,32,randaugment,False,features.5,296,0.3963811574968571,0.9206437253390193,adamw,9.059494097959748e-05,0.0021095838360353568,warmup_cosine,,,,,,5.0,1.5875904433892493e-07,,
efficientnet_v2_s,23,0.7203960418701172,,32,randaugment,False,features.5,274,0.4159138438310528,0.19090533001816565,adamw,0.0001549628845092565,0.0018192684977500534,warmup_cosine,,,,,,10.0,3.8399413965170595e-07,,
efficientnet_v2_s,25,0.7172276973724365,,32,randaugment,False,features.5,336,0.1398149921035961,0.049527200469922074,adamw,0.00014605295091915996,0.00467294158897531,warmup_cosine,,,,,,3.0,5.154451370820969e-07,,
efficientnet_v2_s,26,0.4383498430252075,,32,randaugment,False,features.5,307,0.25953468355875164,0.01143357214260418,adamw,5.192022320091371e-05,0.006934238047123724,warmup_cosine,,,,,,5.0,3.5397284510561573e-07,,
efficientnet_v2_s,28,0.8152475357055664,,32,randaugment,False,features.5,267,0.32624523627256136,0.08484519231224062,adamw,0.0015648206274619203,0.0016861706720400639,warmup_cosine,,,,,,10.0,1.3093310334961408e-06,,
efficientnet_v2_s,29,0.8304950594902039,,64,moderate,False,none,343,0.14792078575823311,0.1749327308717197,adamw,0.0008366535761890684,0.0033187067205842527,reduce_on_plateau,,,0.2,5.0,,,,,
efficientnet_v2_s,30,0.822838306427002,,64,minimal,False,none,402,0.2019796076799773,0.6211806403031701,adamw,0.00034105091653967886,0.005708192359384897,reduce_on_plateau,,,0.1,2.0,,,,,
efficientnet_v2_s,31,0.7200660109519958,,128,aggressive,False,features.6,209,0.26536563987708517,0.054547447560158176,adam,0.0018706938137393494,0.0006046160272731705,warmup_cosine,,,,,,3.0,3.88410291112636e-06,,
efficientnet_v2_s,32,0.46468648314476013,,32,minimal,False,features.5,360,0.443205626266593,0.10053275434710883,sgd,0.00408123686946237,0.0006993105446289468,step,5.0,0.2,,,0.8448619882930132,,,,
efficientnet_v2_m,0,0.8122772574424744,,64,minimal,False,features.5,135,0.4879639408647978,0.4115716865497775,adam,0.0004059611610484307,0.00011207606211860574,step,15.0,0.5,,,,,,,
efficientnet_v2_m,1,0.849372923374176,,64,aggressive,False,none,297,0.14881529393791154,0.0689266113392399,adamw,0.0010568529720322872,0.004201672054372531,reduce_on_plateau,,,0.1,2.0,,,,,
efficientnet_v2_m,2,0.8430362939834595,,128,moderate,False,none,156,0.4947547746402069,0.29917712366085103,sgd,0.025924756604751596,0.000348771262454593,reduce_on_plateau,,,0.1,3.0,0.9385113619277876,,,,
efficientnet_v2_m,3,0.8262045979499817,,32,randaugment,False,features.6,137,0.1431565707973218,0.005905946429591528,adam,0.006533305220227739,3.151987295193886e-05,warmup_cosine,,,,,,5.0,1.8484491720988594e-06,,
efficientnet_v2_m,4,0.8477887511253357,,32,randaugment,False,features.5,292,0.42720590636899725,0.47811998212329687,adamw,0.0001390546848963277,0.0017367237151593164,warmup_cosine,,,,,,5.0,3.1883397351001856e-07,,
efficientnet_v2_m,5,0.5646204352378845,,32,moderate,False,features.6,183,0.2957811041110252,0.926789840692838,sgd,0.00298727419956384,5.439591236568524e-05,one_cycle,,,,,0.9383611062362534,,,0.1,25.0
efficientnet_v2_m,6,0.7159075736999512,,128,randaugment,False,features.6,484,0.45093574135239245,0.019611076185240744,adamw,0.0005731537801106999,0.0030458224385894067,step,15.0,0.1,,,,,,,
efficientnet_v2_m,7,0.8492408990859985,,128,randaugment,False,none,394,0.3607845038010402,0.016406668852656958,adam,0.0031115931750282638,0.00019918920492197507,cosine,,,,,,,3.3916008494386095e-07,,
efficientnet_v2_m,8,0.6801320314407349,,64,minimal,False,features.5,406,0.21230894497634234,0.005687504751255328,sgd,0.08088298191148205,5.4994264803456034e-05,reduce_on_plateau,,,0.1,2.0,0.9738242341418852,,,,
efficientnet_v2_m,9,0.7029703259468079,,64,randaugment,False,none,413,0.37880629639810726,0.20673164150667198,sgd,0.04170871302599373,0.0006706271090367463,step,10.0,0.5,,,0.9647437405302197,,,,
efficientnet_v2_m,10,0.8343234062194824,,64,aggressive,False,none,261,0.10594871528771761,0.07259148983360236,adamw,0.0005620000511958316,0.03691979171780843,reduce_on_plateau,,,0.5,2.0,,,,,
efficientnet_v2_m,11,0.8452805280685425,,128,aggressive,False,none,366,0.32931639106049165,0.02878873519377647,adam,0.0019575500799074554,1.5657424020089615e-05,cosine,,,,,,,1.2504855205321396e-07,,
efficientnet_v2_m,12,0.8134653568267822,,128,aggressive,False,none,238,0.23711971530652654,0.0674723286320151,adam,0.0015754162909931394,0.0001871755470679819,cosine,,,,,,,8.398022040845235e-06,,
efficientnet_v2_m,13,0.7681187987327576,,128,aggressive,False,none,334,0.232217722624184,0.017301747322810295,adamw,0.001004751162821496,0.013109833200274265,cosine,,,,,,,8.028836717487805e-07,,
efficientnet_v2_m,14,0.8580858111381531,,64,randaugment,False,none,488,0.3160037898064164,0.07969781863783433,adamw,5.370203809578864e-05,0.0900602049993969,one_cycle,,,,,,,,0.2,10.0
efficientnet_v2_m,15,0.7819802165031433,,64,aggressive,False,none,509,0.28480748811198797,0.10216553353680852,adamw,5.1157558643466635e-05,0.08184593994836266,one_cycle,,,,,,,,0.2,10.0
efficientnet_v2_m,16,0.8064026236534119,,64,minimal,False,none,464,0.17157730314733532,0.1324264843841343,adamw,0.00015433736178353414,0.008795188471333254,one_cycle,,,,,,,,0.2,10.0
efficientnet_v2_m,17,0.7577557563781738,,64,moderate,False,none,212,0.26691672988169635,0.043508896676895475,adamw,5.920680639435346e-05,0.01017868773818447,one_cycle,,,,,,,,0.3,50.0
efficientnet_v2_m,18,0.7699009776115417,,64,aggressive,False,features.6,339,0.18749703687348243,0.16188704682406277,adamw,0.00025973238998515906,0.004106486758182398,reduce_on_plateau,,,0.2,5.0,,,,,
efficientnet_v2_m,19,0.6876567602157593,,64,randaugment,False,features.5,294,0.35582343732454313,0.04020899006847235,adamw,9.853359539290798e-05,0.027030025897176683,reduce_on_plateau,,,0.1,2.0,,,,,
efficientnet_v2_m,20,0.763300359249115,,64,aggressive,False,none,459,0.4097964473511103,0.07498386798293148,adamw,0.0002799082684189076,0.0706381634889459,one_cycle,,,,,,,,0.2,10.0
efficientnet_v2_m,21,0.7955775856971741,,128,randaugment,False,none,414,0.33490776724156485,0.01093019931365179,adam,0.003146063728436383,0.0003047982743515373,cosine,,,,,,,1.4459535982129771e-07,,
efficientnet_v2_m,22,0.7361716032028198,,128,randaugment,False,none,374,0.3782947246006406,0.011195139398216746,adam,0.0009324762975728527,0.00035307737438277395,cosine,,,,,,,8.484628141166179e-07,,
efficientnet_v2_m,23,0.7796699404716492,,32,randaugment,False,none,381,0.333590882063526,0.044319212737245844,adam,0.004025972777804797,1.2785940667144152e-05,cosine,,,,,,,2.652187717966283e-06,,
efficientnet_v2_m,24,0.754323422908783,,64,randaugment,False,none,456,0.26764229802478434,0.02653762095516543,adamw,0.0010432979992076542,0.02993676606147473,warmup_cosine,,,,,,10.0,4.4577653385162575e-07,,
convnext_base,1,0.7528052926063538,,64,minimal,False,features.5,135,0.389468448256698,0.4115716865497775,adam,0.0004059611610484307,0.00011207606211860574,step,15.0,0.5,,,,,,,
convnext_base,2,0.867722749710083,,64,aggressive,False,none,297,0.0927133821956726,0.0689266113392399,adamw,0.0010568529720322872,0.004201672054372531,reduce_on_plateau,,,0.1,2.0,,,,,
convnext_base,3,0.7786138653755188,,128,moderate,False,none,156,0.3954104278101811,0.29917712366085103,sgd,0.025924756604751596,0.000348771262454593,reduce_on_plateau,,,0.1,3.0,0.9385113619277876,,,,
convnext_base,4,0.8058086037635803,,32,randaugment,False,features.6,137,0.08776199944765656,0.005905946429591528,adam,0.006533305220227739,3.151987295193886e-05,warmup_cosine,,,,,,5.0,1.8484491720988594e-06,,
convnext_base,6,0.7529373168945312,,64,minimal,False,features.5,135,0.389468448256698,0.4115716865497775,adam,0.0004059611610484307,0.00011207606211860574,step,15.0,0.5,,,,,,,
convnext_base,7,0.8659405708312988,,64,aggressive,False,none,297,0.0927133821956726,0.0689266113392399,adamw,0.0010568529720322872,0.004201672054372531,reduce_on_plateau,,,0.1,2.0,,,,,
convnext_base,8,0.7383498549461365,,128,moderate,False,none,156,0.3954104278101811,0.29917712366085103,sgd,0.025924756604751596,0.000348771262454593,reduce_on_plateau,,,0.1,3.0,0.9385113619277876,,,,
convnext_base,9,0.6667986512184143,,32,randaugment,False,features.6,137,0.08776199944765656,0.005905946429591528,adam,0.006533305220227739,3.151987295193886e-05,warmup_cosine,,,,,,5.0,1.8484491720988594e-06,,
convnext_base,10,0.868976891040802,,32,randaugment,False,features.5,292,0.3363051680728726,0.47811998212329687,adamw,0.0001390546848963277,0.0017367237151593164,warmup_cosine,,,,,,5.0,3.1883397351001856e-07,,
convnext_base,11,0.534455418586731,,32,moderate,False,features.6,183,0.22130846609714705,0.926789840692838,sgd,0.00298727419956384,5.439591236568524e-05,one_cycle,,,,,0.9383611062362534,,,0.1,25.0
convnext_base,12,0.7215181589126587,,32,randaugment,False,features.5,486,0.29198571588815814,0.024579818846854087,adamw,5.4221871396973596e-05,0.07832921114568382,cosine,,,,,,,1.1401357990728682e-07,,
convnext_base,13,0.7164356708526611,,64,aggressive,False,features.5,309,0.18631094306816964,0.05916752571878046,adamw,0.00011548292569797719,0.005959206131645764,warmup_cosine,,,,,,3.0,1.8939596809590337e-07,,
convnext_base,15,0.8230363130569458,,32,aggressive,False,none,379,0.3003093642688783,0.024579818846854087,adamw,0.00017538688955118773,0.0030524386888490193,cosine,,,,,,,8.61138227435634e-06,,
convnext_base,16,0.8011881113052368,,64,aggressive,False,features.5,250,0.16140018754368285,0.13744823479749593,adamw,0.0008119148209495673,0.013546570882150416,one_cycle,,,,,,,,0.3,50.0
convnext_base,17,0.6985478401184082,,128,randaugment,False,none,425,0.29919223077469415,0.13939247818091421,adamw,0.00015509498193285592,0.012221220737054192,warmup_cosine,,,,,,10.0,4.2118206722764704e-07,,
convnext_base,18,0.8479207754135132,,32,aggressive,False,none,237,0.14367428370564683,0.029395941171574413,adamw,0.0008395434836173338,0.002205121858762209,reduce_on_plateau,,,0.2,5.0,,,,,
convnext_base,19,0.8572277426719666,,64,randaugment,False,features.5,365,0.24590785848709418,0.9502587594253354,adamw,5.1103452735303154e-05,0.006823849970527324,warmup_cosine,,,,,,5.0,5.30483562608023e-07,,
convnext_base,20,0.8596699833869934,,64,minimal,False,none,249,0.05324188279923194,0.145881631489184,adamw,0.00026378784343809056,0.023952389782365274,reduce_on_plateau,,,0.5,2.0,,,,,
convnext_base,21,0.8399339914321899,,32,aggressive,False,features.5,349,0.2474660549551883,0.013065482760075266,adamw,0.0014158260170087458,0.0020754539182299275,cosine,,,,,,,3.52211864080435e-07,,
convnext_base,22,0.6512210965156555,,128,randaugment,False,features.6,417,0.3186407659886432,0.036763725994044996,sgd,0.05450721698389953,0.0004495850801549467,step,10.0,0.2,,,0.8121267714174605,,,,
swin_t,0,0.7701650261878967,,64,minimal,False,features.5,135,0.29097295564859826,0.4115716865497775,adam,0.0004059611610484307,0.00011207606211860574,step,15.0,0.5,,,,,,,
swin_t,1,0.8609240651130676,,64,aggressive,False,none,297,0.036611470453433645,0.0689266113392399,adamw,0.0010568529720322872,0.004201672054372531,reduce_on_plateau,,,0.1,2.0,,,,,
swin_t,2,0.8177557587623596,,128,moderate,False,none,156,0.2960660809801552,0.29917712366085103,sgd,0.025924756604751596,0.000348771262454593,reduce_on_plateau,,,0.1,3.0,0.9385113619277876,,,,
swin_t,3,0.824554443359375,,32,randaugment,False,features.6,137,0.032367428097991334,0.005905946429591528,adam,0.006533305220227739,3.151987295193886e-05,warmup_cosine,,,,,,5.0,1.8484491720988594e-06,,
swin_t,5,0.7710891366004944,,64,minimal,False,features.5,135,0.29097295564859826,0.4115716865497775,adam,0.0004059611610484307,0.00011207606211860574,step,15.0,0.5,,,,,,,
swin_t,6,0.8478547930717468,,64,aggressive,False,none,297,0.036611470453433645,0.0689266113392399,adamw,0.0010568529720322872,0.004201672054372531,reduce_on_plateau,,,0.1,2.0,,,,,
swin_t,7,0.7608580589294434,,128,moderate,False,none,156,0.2960660809801552,0.29917712366085103,sgd,0.025924756604751596,0.000348771262454593,reduce_on_plateau,,,0.1,3.0,0.9385113619277876,,,,
swin_t,8,0.7195379734039307,,32,randaugment,False,features.6,137,0.032367428097991334,0.005905946429591528,adam,0.006533305220227739,3.151987295193886e-05,warmup_cosine,,,,,,5.0,1.8484491720988594e-06,,
swin_t,9,0.8675907850265503,,32,randaugment,False,features.5,292,0.24540442977674792,0.47811998212329687,adamw,0.0001390546848963277,0.0017367237151593164,warmup_cosine,,,,,,5.0,3.1883397351001856e-07,,
swin_t,10,0.665478527545929,,32,moderate,False,features.6,183,0.1468358280832689,0.926789840692838,sgd,0.00298727419956384,5.439591236568524e-05,one_cycle,,,,,0.9383611062362534,,,0.1,25.0
swin_t,11,0.7291089296340942,,32,randaugment,False,features.5,486,0.20741632790413553,0.024579818846854087,adamw,5.4221871396973596e-05,0.07832921114568382,cosine,,,,,,,1.1401357990728682e-07,,
swin_t,12,0.713399350643158,,64,aggressive,False,features.5,309,0.11683795120128827,0.05916752571878046,adamw,0.00011548292569797719,0.005959206131645764,warmup_cosine,,,,,,3.0,1.8939596809590337e-07,,
swin_t,13,0.7501650452613831,,32,aggressive,False,none,238,0.21359334066402358,0.13939247818091421,adamw,0.00015509498193285592,0.003019978043692996,one_cycle,,,,,,,,0.2,10.0
swin_t,14,0.8555115461349487,,64,randaugment,False,none,393,0.08029224317626871,0.026619817550438834,adamw,0.0008395434836173338,0.013113848502320584,cosine,,,,,,,4.280411643333819e-07,,
swin_t,15,0.7754455208778381,,128,aggressive,False,features.5,377,0.21880458059920274,0.13701004515145632,adamw,0.0001918511207539673,0.011496806680226864,reduce_on_plateau,,,0.2,2.0,,,,,
swin_t,16,0.5747194886207581,,32,randaugment,False,none,259,0.17380213588725785,0.021576366575301834,adamw,5.576488710905934e-05,0.002440674145346877,warmup_cosine,,,,,,10.0,6.380949865049272e-06,,
swin_t,17,0.7167657017707825,,64,aggressive,False,features.5,372,0.08130921490966073,0.7736914528622367,adamw,0.0008118311804092797,0.028254389819034765,warmup_cosine,,,,,,5.0,5.56727201491366e-07,,
swin_t,18,0.8525412678718567,,32,minimal,False,none,244,0.002373068503723569,0.14278135997719335,adamw,0.0002529109400151379,0.00208138936962105,reduce_on_plateau,,,0.5,5.0,,,,,
swin_t,19,0.7559075951576233,,64,aggressive,False,features.5,441,0.24931041852757171,0.03774778148746718,adamw,0.000115028792041609,0.006317641912492184,one_cycle,,,,,,,,0.3,50.0
swin_t,20,0.7439603805541992,,128,randaugment,False,features.6,209,0.1663069853765111,0.09886496143198983,sgd,0.07989932613446935,0.000475613088145057,cosine,,,,,0.8104343348906051,,3.08729477416819e-07,,
swin_t,21,0.8237623572349548,,32,randaugment,False,none,331,0.11663430099210206,0.012131553066415704,adamw,0.001294351101505086,0.0018713185255353332,step,5.0,0.1,,,,,,,
swin_t,22,0.8552474975585938,,64,randaugment,False,none,375,0.07576722444340392,0.029954835325979853,adamw,0.0006915740887273893,0.013768125630464569,cosine,,,,,,,5.988359749990569e-07,,
swin_t,23,0.801716148853302,,64,randaugment,False,none,422,0.07227407255866615,0.01305378589273199,adamw,0.0015832047484894902,0.024858052787627267,cosine,,,,,,,4.0369238212640966e-07,,
swin_t,24,0.8588778972625732,,64,randaugment,False,none,276,0.11383173144491862,0.049031456248910636,adamw,0.0005656170996240247,0.007204715634751562,cosine,,,,,,,1.2069557084321893e-06,,
swin_t,25,0.8048844933509827,,64,randaugment,False,none,284,0.12511596298548788,0.052307398488125836,adamw,0.0002909617568635495,0.007109441685832622,cosine,,,,,,,1.2724787405181648e-06,,
swin_t,26,0.7819802165031433,,64,aggressive,False,features.5,334,0.25195153685448396,0.09190154645278305,adamw,0.0005528717097495807,0.0037107314374556755,warmup_cosine,,,,,,3.0,4.370471489831399e-06,,
swin_t,27,0.7538613677024841,,64,minimal,False,none,271,0.05651213600883979,0.20080766981978726,adamw,0.0017904330917397537,0.004694911396530721,reduce_on_plateau,,,0.2,2.0,,,,,
swin_t,28,0.737227737903595,,64,moderate,False,none,224,0.0013745591908471688,0.04095124141236962,adamw,8.468452448099091e-05,0.020342584574131926,reduce_on_plateau,,,0.5,5.0,,,,,
swin_t,29,0.7459405660629272,,128,randaugment,False,features.6,349,0.15483330191112793,0.018340726595694596,adam,0.002367569333038902,1.1308411801016205e-05,warmup_cosine,,,,,,10.0,8.468228623096451e-07,,
swin_t,30,0.7061386108398438,,32,minimal,False,features.5,207,0.19044642680479085,0.6466302322747435,sgd,0.00423834297313077,0.0006549980954066145,step,10.0,0.2,,,0.826295492395921,,,,
swin_b,0,0.7458086013793945,,64,minimal,False,features.5,135,0.29097295564859826,0.4115716865497775,adam,0.0004059611610484307,0.00011207606211860574,step,15.0,0.5,,,,,,,
swin_b,1,0.8739274144172668,,64,aggressive,False,none,297,0.036611470453433645,0.0689266113392399,adamw,0.0010568529720322872,0.004201672054372531,reduce_on_plateau,,,0.1,2.0,,,,,
swin_b,2,0.8227062821388245,,128,moderate,False,none,156,0.2960660809801552,0.29917712366085103,sgd,0.025924756604751596,0.000348771262454593,reduce_on_plateau,,,0.1,3.0,0.9385113619277876,,,,
swin_b,3,0.7918812036514282,,32,randaugment,False,features.6,137,0.032367428097991334,0.005905946429591528,adam,0.006533305220227739,3.151987295193886e-05,warmup_cosine,,,,,,5.0,1.8484491720988594e-06,,
swin_b,4,0.8825742602348328,,32,randaugment,False,features.5,292,0.24540442977674792,0.47811998212329687,adamw,0.0001390546848963277,0.0017367237151593164,warmup_cosine,,,,,,5.0,3.1883397351001856e-07,,
swin_b,5,0.5829703211784363,,32,moderate,False,features.6,183,0.1468358280832689,0.926789840692838,sgd,0.00298727419956384,5.439591236568524e-05,one_cycle,,,,,0.9383611062362534,,,0.1,25.0
swin_b,6,0.7255445718765259,,128,randaugment,False,features.6,484,0.26320180601429427,0.019611076185240744,adamw,0.0005731537801106999,0.0030458224385894067,step,15.0,0.1,,,,,,,
swin_b,7,0.7758415937423706,,128,randaugment,False,none,394,0.19558837785078015,0.016406668852656958,adam,0.0031115931750282638,0.00019918920492197507,cosine,,,,,,,3.3916008494386095e-07,,
swin_b,8,0.8048844933509827,,64,minimal,False,features.5,406,0.08423170873225673,0.005687504751255328,sgd,0.08088298191148205,5.4994264803456034e-05,reduce_on_plateau,,,0.1,2.0,0.9738242341418852,,,,
swin_b,9,0.4483168423175812,,64,randaugment,False,none,413,0.20910472229858038,0.20673164150667198,sgd,0.04170871302599373,0.0006706271090367463,step,10.0,0.5,,,0.9647437405302197,,,,
swin_b,10,0.6044224500656128,,32,aggressive,False,features.5,261,0.22165395625003903,0.08784118037442286,adamw,5.4221871396973596e-05,0.07832921114568382,warmup_cosine,,,,,,10.0,1.0575991259439022e-07,,
swin_b,11,0.7553795576095581,,64,aggressive,False,features.5,273,0.0033278837259901745,0.06330234155654293,adamw,0.00013418787502376319,0.004244802421295148,warmup_cosine,,,,,,3.0,5.541681730529237e-06,,
swin_b,12,0.8680527806282043,,32,aggressive,False,none,319,0.12212723165673693,0.07654774013926176,adamw,0.000371133159983321,0.003340675678633707,reduce_on_plateau,,,0.2,2.0,,,,,
swin_b,13,0.782376229763031,,32,aggressive,False,none,254,0.07755104579532147,0.03227433648505219,adamw,0.00019384437594027726,0.008803267998900388,one_cycle,,,,,,,,0.3,10.0
swin_b,14,0.8843564391136169,,64,randaugment,False,features.5,350,0.18277798686315372,0.15033647522082172,adamw,0.0009504011144111275,0.0072480483863032845,cosine,,,,,,,5.30483562608023e-07,,
swin_b,15,0.8805280327796936,,64,randaugment,False,features.5,362,0.1798922533258872,0.9393370226423909,adamw,6.916307193592629e-05,0.023952389782365274,cosine,,,,,,,4.878591705617679e-07,,
swin_b,16,0.874455451965332,,32,randaugment,False,features.5,205,0.24324568560901483,0.1406423215709772,adamw,0.00017028990411692592,0.013426085175734553,cosine,,,,,,,2.8045403103072105e-07,,
swin_b,17,0.7502310276031494,,32,randaugment,False,features.5,355,0.15353741862314646,0.48871246878441665,adamw,0.0009649413410451975,0.002097748895567367,warmup_cosine,,,,,,5.0,1.1397982407600844e-06,,
swin_b,18,0.8200660347938538,,64,randaugment,False,features.5,461,0.2619427285565617,0.219935425741648,adamw,0.0001060845371973281,0.008720848585040823,cosine,,,,,,,1.2148967920955445e-07,,
swin_b,19,0.7747854590415955,,128,minimal,False,features.5,344,0.17544623543212323,0.4529855938875973,adam,0.0014326422505832868,1.2908551172137184e-05,warmup_cosine,,,,,,5.0,7.054118823281999e-07,,
